Symbol,Price Average,Volume Average,Price Annual Average Growth Rate,Volume Annual Average Growth Rate,Name,Sector,Marketcap,Rank,Marketcap %
MSFT,183.5396,29030737.4327,27.7888,-1.3094,Microsoft Corporation,Technology,3145008152576,1.0,6.545041509308961
AAPL,93.1687,117318965.8427,25.095,-9.2762,Apple Inc.,Technology,2590841765888,2.0,5.39177200157624
NVDA,163.9677,48254377.0292,81.5103,10.0021,NVIDIA Corporation,Technology,2175975030784,3.0,4.52839745042822
GOOG,79.9548,31066585.6489,20.6876,-4.4298,Alphabet Inc.,Communication Services,1952887209984,4.0,4.0641318662003
GOOGL,79.9017,35490500.253,20.1185,-1.8388,Alphabet Inc.,Communication Services,1947393720320,5.0,4.05269942592112
AMZN,98.2402,76367001.1944,27.7412,-1.9601,"Amazon.com, Inc.",Consumer Cyclical,1931536891904,6.0,4.0196999565545
META,211.8413,23165939.582,23.0145,3.8949,"Meta Platforms, Inc.",Communication Services,1325259816960,7.0,2.75798347470668
BRK-B,236.0971,4114902.2847,12.235,2.8968,Berkshire Hathaway Inc.,Financial Services,884581728256,8.0,1.84089320247696
LLY,224.4269,4115331.7739,28.6116,-1.1028,Eli Lilly and Company,Healthcare,724464697344,9.0,1.50767542915959
AVGO,432.611,2828378.8992,30.0726,2.4544,Broadcom Inc.,Technology,612814028800,10.0,1.27532046385877
V,166.3687,7975595.3105,16.7962,-3.8374,Visa Inc.,Financial Services,563801161728,11.0,1.17332033097717
JPM,115.03,13928930.5487,13.5275,-2.9352,JPMorgan Chase & Co.,Financial Services,561407459328,12.0,1.16833882351872
TSLA,112.0474,113080276.6216,64.3344,13.9946,"Tesla, Inc.",Consumer Cyclical,547019522048,13.0,1.13839624716839
WMT,38.2648,24314901.7758,9.8886,-1.1786,Walmart Inc.,Consumer Defensive,488478998528,14.0,1.01656821435351
XOM,81.073,17667435.6031,5.3515,10.7723,Exxon Mobil Corporation,Energy,484870029312,15.0,1.00905762863207
MA,258.5446,3628893.9426,20.2158,-4.3391,Mastercard Incorporated,Financial Services,437684961280,16.0,0.91086130801648
UNH,313.9261,3603930.0892,18.9293,1.7662,UnitedHealth Group Incorporated,Healthcare,414916378624,17.0,0.8634778637257
PG,115.9776,8142113.8555,8.0586,-0.1806,The Procter & Gamble Company,Consumer Defensive,369988861952,18.0,0.76997970815253
JNJ,141.0631,7712612.5088,5.4522,1.5282,Johnson & Johnson,Healthcare,361948938240,19.0,0.7532479122798901
HD,233.5172,4369902.4686,13.9235,-3.9722,"The Home Depot, Inc.",Consumer Cyclical,347415805952,20.0,0.72300317221226
ORCL,65.4081,12437230.2969,12.9195,-4.0482,Oracle Corporation,Technology,334631075840,21.0,0.69639701247947
MRK,77.5803,10512623.421,9.6461,-2.2617,"Merck & Co., Inc.",Healthcare,321012105216,22.0,0.66805472408981
COST,340.2636,2343266.0299,19.3248,2.4396,Costco Wholesale Corporation,Consumer Defensive,320467140608,23.0,0.66692060430143
CVX,120.7325,8635918.8059,6.5701,2.9197,Chevron Corporation,Energy,302122106880,24.0,0.6287429585166
ABBV,103.6287,7334924.179,12.8548,-4.846,AbbVie Inc.,Healthcare,299292950528,25.0,0.62285523267875
CRM,162.007,5919547.2701,18.628,6.05,"Salesforce, Inc.",Technology,290631385088,26.0,0.60482974511556
BAC,28.2838,64543491.4293,10.9979,-5.8752,Bank of America Corporation,Financial Services,289191952384,27.0,0.60183415771468
AMD,58.5164,60221872.9941,68.0054,32.3117,"Advanced Micro Devices, Inc.",Technology,270121648128,28.0,0.56214715949547
NFLX,320.4427,8977900.0165,28.4172,1.3232,"Netflix, Inc.",Communication Services,267696685056,29.0,0.55710059579999
KO,50.9717,14104423.9437,4.3325,0.5093,The Coca-Cola Company,Consumer Defensive,254015307776,30.0,0.52862843361218
PEP,135.1892,4790749.3557,6.5437,3.6144,"PepsiCo, Inc.",Consumer Defensive,232223457280,31.0,0.48327765576312004
TMO,347.602,1579843.3435,18.2197,-1.034,Thermo Fisher Scientific Inc.,Healthcare,218993131520,32.0,0.45574417188011
ADBE,322.4656,2977011.7894,27.414,5.4025,Adobe Inc.,Technology,218274562048,33.0,0.45424876493889
LIN,230.595,1820045.9109,15.7691,9.0074,Linde plc,Basic Materials,216945164288,34.0,0.45148217003691
DIS,116.0935,10521304.825,1.5245,6.5924,The Walt Disney Company,Communication Services,214961618944,35.0,0.44735423586878
ACN,214.79,2247965.5988,16.3897,0.2691,Accenture plc,Technology,203959697408,36.0,0.42445825924745
WFC,47.6856,22981779.2588,1.2175,7.4937,Wells Fargo & Company,Financial Services,201590374400,37.0,0.41952748747071
CSCO,42.8881,22134547.3379,7.5974,-2.0367,"Cisco Systems, Inc.",Technology,199260635136,38.0,0.41467909298364
MCD,198.0613,3830764.7037,12.8932,-4.9858,McDonald's Corporation,Consumer Cyclical,193712422912,39.0,0.40313277019309995
ABT,82.2974,6133124.8332,11.5156,2.2917,Abbott Laboratories,Healthcare,192899956736,40.0,0.40144195586485
QCOM,96.3519,10607069.0461,11.7979,-3.2827,QUALCOMM Incorporated,Technology,190679760896,41.0,0.39682153097988
TMUS,94.6221,4474089.8397,19.007,2.1005,"T-Mobile US, Inc.",Communication Services,190350213120,42.0,0.3961357127662
CAT,165.126,4164066.719,17.9925,-8.8431,Caterpillar Inc.,Industrials,185803194368,43.0,0.38667296258189
DHR,150.5212,3480002.0742,18.1114,-1.6869,Danaher Corporation,Healthcare,182077554688,44.0,0.37891957525462
INTU,310.2273,1497115.4906,24.6808,-2.733,Intuit Inc.,Technology,175927607296,45.0,0.36612098809429
AMAT,78.5887,9927205.8,32.2664,-8.4912,"Applied Materials, Inc.",Technology,173865205760,46.0,0.36182894718147
GE,86.077,11985607.3747,5.0334,3.9204,General Electric Company,Industrials,171217010688,47.0,0.35631781785204
VZ,49.3129,17448237.9038,-1.2523,4.2667,Verizon Communications Inc.,Communication Services,170589192192,48.0,0.35501127175825997
IBM,140.8893,4867675.167,2.3986,3.0566,International Business Machines Corporation,Technology,170551230464,49.0,0.35493227002807
INTC,43.1101,31635025.0287,5.5505,7.4981,Intel Corporation,Technology,158355570688,50.0,0.32955201802397
CMCSA,39.9154,21430215.6139,5.4748,-0.64,Comcast Corporation,Communication Services,157762289664,51.0,0.32831734747929003
NOW,337.5778,1640122.6598,31.9137,1.361,"ServiceNow, Inc.",Technology,157683957760,52.0,0.32815433182454
AXP,122.3803,4095908.3522,12.552,-4.7548,American Express Company,Financial Services,156716482560,53.0,0.32614092993938
COP,70.317,7637667.4595,12.0223,-2.1623,ConocoPhillips,Energy,155545518080,54.0,0.32370404877542
UBER,43.1472,24042412.9855,20.4263,4.6064,"Uber Technologies, Inc.",Technology,154762493952,55.0,0.32207450596601
TXN,123.8775,5343404.8829,14.422,0.3232,Texas Instruments Incorporated,Technology,153726664704,56.0,0.31991885323133
BX,64.8155,4481421.6168,17.769,-0.8025,Blackstone Inc.,Financial Services,152792563712,57.0,0.31797490603948003
MS,60.3966,10369905.2369,14.0425,0.1481,Morgan Stanley,Financial Services,149080637440,58.0,0.31025005753317997
PFE,36.2366,29405789.9135,-0.0383,7.5117,Pfizer Inc.,Healthcare,149038039040,59.0,0.31016140647642
UNP,168.244,3600260.738,11.1893,-7.6777,Union Pacific Corporation,Industrials,144501243904,60.0,0.30071993254574003
AMGN,211.1231,3022842.4335,7.1751,-1.3698,Amgen Inc.,Healthcare,142795620352,61.0,0.29717037832981
PM,91.6548,5034640.964,1.9081,4.3002,Philip Morris International Inc.,Consumer Defensive,139286708224,62.0,0.28986802030207
ISRG,196.4998,2227780.545,24.915,-3.5992,"Intuitive Surgical, Inc.",Healthcare,137689251840,63.0,0.28654357157717997
SPGI,264.6707,1367826.1928,18.7814,3.2576,S&P Global Inc.,Financial Services,135801774080,64.0,0.28261556259031
LOW,139.5251,4473324.372,14.5119,-5.6949,"Lowe's Companies, Inc.",Consumer Cyclical,135699161088,65.0,0.28240201583321
MU,50.9184,25171584.1338,24.425,-0.2133,"Micron Technology, Inc.",Technology,135320608768,66.0,0.2816142148077
NKE,91.3221,7941364.6255,9.2099,3.969,"NIKE, Inc.",Consumer Cyclical,134845677568,67.0,0.28062584076628
RTX,79.1912,6824311.8891,3.5318,9.3056,RTX Corporation,Industrials,134772301824,68.0,0.28047313932102
SYK,199.5693,1347960.8358,15.1565,1.2293,Stryker Corporation,Healthcare,132148641792,69.0,0.27501306959061
NEE,53.7872,8846259.9432,10.8071,4.454,"NextEra Energy, Inc.",Utilities,131376046080,70.0,0.27340522924183
GS,264.6975,2929485.0226,10.6631,-0.1657,"The Goldman Sachs Group, Inc.",Financial Services,130057445376,71.0,0.27066110397308996
SCHW,50.8963,8932236.5323,12.0295,6.6898,The Charles Schwab Corporation,Financial Services,129896144896,72.0,0.27032542333703
HON,160.885,3053760.5679,9.0368,0.6134,Honeywell International Inc.,Industrials,129069129728,73.0,0.26860433126324
LRCX,352.5489,1930633.6398,34.4677,-4.7115,Lam Research Corporation,Technology,126073888768,74.0,0.26237096859373
ETN,120.2788,2333473.4509,18.4692,-4.5426,Eaton Corporation plc,Industrials,125714046976,75.0,0.26162210584007
UPS,137.3922,3385196.7013,5.8665,5.8227,"United Parcel Service, Inc.",Industrials,125632954368,76.0,0.26145334491491
BKNG,2049.4886,434411.2234,13.8539,-7.4566,Booking Holdings Inc.,Consumer Cyclical,122541645824,77.0,0.25502005706414
PGR,85.1747,3006989.1509,22.9037,-3.6791,The Progressive Corporation,Financial Services,120741634048,78.0,0.25127407256438
T,23.2458,42845121.9027,-4.0961,2.5157,AT&T Inc.,Communication Services,120011472896,79.0,0.24975454230675
ELV,306.8694,1435579.6221,15.6444,-6.3388,"Elevance Health, Inc.",Healthcare,118107430912,80.0,0.24579206169742998
BLK,561.8236,665532.4817,11.3113,4.3675,"BlackRock, Inc.",Financial Services,116575780864,81.0,0.24260456180695
C,57.7552,19080779.8363,2.1711,2.8798,Citigroup Inc.,Financial Services,115261554688,82.0,0.23986954031979998
DE,227.948,2166039.0889,20.7413,-7.0011,Deere & Company,Industrials,114675154944,83.0,0.23864919033044002
PLD,88.6448,2992923.6642,14.0216,4.1953,"Prologis, Inc.",Real Estate,111579291648,84.0,0.2322064236359
MDT,90.9421,5587859.6259,2.0564,0.7716,Medtronic plc,Healthcare,109319421952,85.0,0.22750343393018999
TJX,57.6276,6609797.2658,12.5323,-0.3679,"The TJX Companies, Inc.",Consumer Cyclical,109082345472,86.0,0.22701005670279
LMT,344.9249,1392258.7448,9.469,3.8301,Lockheed Martin Corporation,Industrials,108633997312,87.0,0.22607700433044
BA,220.8862,8654651.324,9.8444,47.5328,The Boeing Company,Industrials,107076132864,88.0,0.22283494994348998
REGN,544.9758,789865.5393,9.1389,-3.7417,"Regeneron Pharmaceuticals, Inc.",Healthcare,102759186432,89.0,0.21385100070705998
VRTX,216.0137,1612918.8593,16.9643,-1.5422,Vertex Pharmaceuticals Incorporated,Healthcare,102758129664,90.0,0.21384880147892
ABNB,154.092,7860291.4525,-6.3057,-21.6822,"Airbnb, Inc.",Consumer Cyclical,102237003776,91.0,0.21276429218576
BMY,60.3858,11071443.239,-1.6462,16.1315,Bristol-Myers Squibb Company,Healthcare,101925756928,92.0,0.21211655982992
CI,207.8676,1869031.6837,10.8039,0.7417,The Cigna Group,Healthcare,101500248064,93.0,0.21123103806262
ADP,161.4958,2004273.2339,12.9417,1.9119,"Automatic Data Processing, Inc.",Industrials,100968316928,94.0,0.21012404208793997
BSX,36.9323,8219318.2301,16.1316,-2.4217,Boston Scientific Corporation,Healthcare,100908638208,95.0,0.20999984536709
CB,160.3324,1771556.4696,9.7221,0.8458,Chubb Limited,Financial Services,100684521472,96.0,0.20953343851887
MMC,116.1141,1865258.722,15.0891,-1.2744,"Marsh & McLennan Companies, Inc.",Financial Services,99288760320,97.0,0.20662873549944002
ADI,120.8855,3007554.6337,14.6896,3.9795,"Analog Devices, Inc.",Technology,97361616896,98.0,0.20261817874011
SBUX,78.006,8591715.3049,8.2877,3.3037,Starbucks Corporation,Consumer Cyclical,97314308096,99.0,0.20251972492227
KLAC,239.1692,1370733.4247,31.0914,-4.1573,KLA Corporation,Technology,92921987072,100.0,0.19337891446021999
PANW,119.1265,4569978.908,24.3098,4.4635,"Palo Alto Networks, Inc.",Technology,90791100416,101.0,0.18894434992540002
FI,89.5409,3080331.8904,15.1837,6.4362,"Fiserv, Inc.",Technology,90539974656,102.0,0.18842173489754002
ANET,88.7602,2913914.4859,39.7577,0.266,"Arista Networks, Inc.",Technology,90107363328,103.0,0.18752143227135
MDLZ,54.0269,7609800.628,6.8893,-1.8904,"Mondelez International, Inc.",Consumer Defensive,89693265920,104.0,0.18665965875829
CVS,80.2296,7604549.0536,-1.8833,11.9843,CVS Health Corporation,Healthcare,89683156992,105.0,0.18663862118059
HCA,159.349,2058688.3706,17.7429,-11.5438,"HCA Healthcare, Inc.",Healthcare,86687604736,106.0,0.18040461067643
SNPS,212.6286,984009.1153,31.9841,7.793,"Synopsys, Inc.",Technology,85612265472,107.0,0.1781667340866
GILD,76.349,8786848.7428,-2.8052,2.7573,"Gilead Sciences, Inc.",Healthcare,84943601664,108.0,0.17677518526802
AMT,181.0697,2083182.5706,9.7197,0.8275,American Tower Corporation,Real Estate,84857413632,109.0,0.17659582031262
WM,114.166,1875587.7528,16.0011,-1.4831,"Waste Management, Inc.",Industrials,83550035968,110.0,0.17387505118767
CDNS,108.7812,2042519.6771,35.5324,-7.8089,"Cadence Design Systems, Inc.",Technology,83031531520,111.0,0.17279599734415999
SHW,188.4821,1791102.0318,15.6937,-3.4835,The Sherwin-Williams Company,Basic Materials,81605787648,112.0,0.1698288976194
CMG,1104.5982,611255.1316,20.554,-6.4488,"Chipotle Mexican Grill, Inc.",Consumer Cyclical,81322778624,113.0,0.16923993068522
EOG,94.8458,3981476.413,7.5824,-1.3467,"EOG Resources, Inc.",Energy,80011272192,114.0,0.16651056922708
GD,191.3182,1325986.3408,8.3482,-0.3107,General Dynamics Corporation,Industrials,79577694208,115.0,0.16560825490383
TGT,120.188,4997814.8313,11.2692,-0.7649,Target Corporation,Consumer Defensive,79235235840,116.0,0.16489556860064
SLB,53.0016,10519160.5474,-0.9256,6.4184,Schlumberger Limited,Energy,77470228480,117.0,0.16122243140194
ITW,174.3846,1320990.3676,12.5665,-1.553,Illinois Tool Works Inc.,Industrials,77461594112,118.0,0.16120446251467
CME,167.2982,1613857.9383,10.1743,3.5996,CME Group Inc.,Financial Services,76325937152,119.0,0.15884105943813
ICE,88.335,2837898.6029,12.482,-2.3275,"Intercontinental Exchange, Inc.",Financial Services,76123570176,120.0,0.1584199157737
SO,57.5295,4886570.6785,5.1929,0.3378,The Southern Company,Utilities,76120465408,121.0,0.15841345447552999
MPC,75.7995,5523783.0347,19.3246,-3.2946,Marathon Petroleum Corporation,Energy,76110168064,122.0,0.15839202478739
ZTS,120.9149,2510644.6548,18.038,-0.4768,Zoetis Inc.,Healthcare,74723893248,123.0,0.15550706367636
DUK,88.7079,3226014.0885,2.8084,0.4022,Duke Energy Corporation,Utilities,73604997120,124.0,0.153178541381
EQIX,561.8994,548640.8848,14.8352,-1.1962,"Equinix, Inc.",Real Estate,73423364096,125.0,0.15280054691362
MAR,132.9703,2433395.6922,15.2241,5.7505,"Marriott International, Inc.",Consumer Cyclical,73318678528,126.0,0.15258268694164
FCX,23.2392,21962266.1074,20.299,-4.1805,Freeport-McMoRan Inc.,Basic Materials,73040150528,127.0,0.15200304541671
MO,51.9044,8560669.1883,-2.0243,8.141,"Altria Group, Inc.",Consumer Defensive,71590813696,128.0,0.14898684664513
PH,236.9338,984912.7059,19.2817,-7.3747,Parker-Hannifin Corporation,Industrials,71315619840,129.0,0.14841414377021
CL,73.5561,4022045.2371,2.4874,4.4281,Colgate-Palmolive Company,Consumer Defensive,71151108096,130.0,0.14807178020833
PSX,93.2131,3106488.2435,8.1308,0.7815,Phillips 66,Energy,70659416064,131.0,0.14704852538573002
PYPL,97.4859,11062357.6879,11.2589,9.2067,"PayPal Holdings, Inc.",Financial Services,70606233600,132.0,0.14693784795103002
MCO,229.2765,868546.3786,16.8678,-2.1758,Moody's Corporation,Financial Services,70187786240,133.0,0.14606702180121
MCK,237.0357,1434356.8712,12.413,-2.207,McKesson Corporation,Healthcare,69644926976,134.0,0.14493728342082
BDX,218.2043,1313123.5637,6.5504,4.9996,"Becton, Dickinson and Company",Healthcare,69622497280,135.0,0.14489060522978
CSX,23.7912,17336573.5371,16.9383,-6.661,CSX Corporation,Industrials,69318262784,136.0,0.14425746620174998
APH,56.6318,2601665.8244,16.2443,3.4006,Amphenol Corporation,Technology,68839358464,137.0,0.14326082374444998
CTAS,286.9725,522027.488,24.756,-5.0741,Cintas Corporation,Industrials,68077617152,138.0,0.14167557236687
NOC,331.938,979774.3008,12.7536,0.0341,Northrop Grumman Corporation,Industrials,67834789888,139.0,0.14117022724679998
TDG,512.8575,410135.8209,20.4634,2.5557,TransDigm Group Incorporated,Industrials,67834683392,140.0,0.14117000561916002
TT,121.7935,1821420.5841,22.2633,-9.6411,Trane Technologies plc,Industrials,67790077952,141.0,0.14107717773377
FDX,208.2801,2176231.7338,7.1815,4.375,FedEx Corporation,Industrials,66515689472,142.0,0.13842506203297
USB,47.0402,7820867.8968,1.2129,7.3359,U.S. Bancorp,Financial Services,65495769088,143.0,0.13630251705832
EMR,74.0553,3392899.7424,8.0075,-5.5242,Emerson Electric Co.,Industrials,65219534848,144.0,0.13572764905183
ORLY,499.9302,659109.3511,19.0083,-2.138,"O'Reilly Automotive, Inc.",Consumer Cyclical,64522412032,145.0,0.13427687450802
PXD,172.8163,2096384.5002,8.3835,0.0963,Pioneer Natural Resources Company,Energy,64321089536,146.0,0.13385790449931
ECL,164.4413,1228108.5376,7.8403,6.1075,Ecolab Inc.,Basic Materials,63515348992,147.0,0.13218108680907
AON,202.6575,1140218.6173,14.1769,1.4964,Aon plc,Financial Services,62662168576,148.0,0.1304055425285
PCAR,56.582,2899714.7381,11.87,-2.5158,PACCAR Inc,Industrials,62194868224,149.0,0.12943304896003
NXPI,139.596,3365396.4556,12.6888,2.6849,NXP Semiconductors N.V.,Technology,61827137536,150.0,0.12866776871259
PNC,134.433,2319893.4089,7.8696,1.8067,"The PNC Financial Services Group, Inc.",Financial Services,61677907968,151.0,0.12835720871732
OXY,56.6249,12102722.2432,6.949,28.2582,Occidental Petroleum Corporation,Energy,61112901632,152.0,0.12718138031155998
CEG,103.1173,2266271.1193,30.9767,-3.1642,Constellation Energy Corporation,Utilities,60213321728,153.0,0.12530927457225
RSG,95.3845,1291259.2794,17.5466,-0.8241,"Republic Services, Inc.",Industrials,59678564352,154.0,0.12419639694093
MSI,169.4534,1045505.485,20.2012,-8.0808,"Motorola Solutions, Inc.",Technology,57887256576,155.0,0.12046852623882999
VLO,88.0627,4450271.7376,12.618,-4.7586,Valero Energy Corporation,Energy,57885069312,156.0,0.12046397434803001
MNST,36.766,5693400.0041,11.3784,0.029,Monster Beverage Corporation,Consumer Defensive,57402511360,157.0,0.11945972835779001
ROP,345.3985,491825.567,14.2384,3.6563,"Roper Technologies, Inc.",Technology,57362718720,158.0,0.11937691633698
NSC,180.9888,1595874.2877,12.5402,-5.0163,Norfolk Southern Corporation,Industrials,56394436608,159.0,0.11736183519623
EW,63.9415,4159996.2735,16.5664,-3.6511,Edwards Lifesciences Corporation,Healthcare,55082340352,160.0,0.11463124626193001
SPG,147.5897,2142833.7517,0.4679,24.3542,"Simon Property Group, Inc.",Real Estate,54525648896,161.0,0.11347272186052
DXCM,64.7629,3991973.8454,28.7645,1.4237,"DexCom, Inc.",Healthcare,54095470592,162.0,0.11257748257353
CPRT,22.6496,5260096.2894,31.9943,6.0559,"Copart, Inc.",Industrials,53870714880,163.0,0.11210974595946
COF,99.6241,2911534.1068,9.5346,2.3979,Capital One Financial Corporation,Financial Services,53232058368,164.0,0.11078064499106
SMCI,104.7593,1644327.0513,62.5758,102.8298,"Super Micro Computer, Inc.",Technology,53195378688,165.0,0.11070431131671
HLT,102.085,2662412.5271,16.3438,-3.5848,Hilton Worldwide Holdings Inc.,Consumer Cyclical,52850421760,166.0,0.10998642528807
APD,211.0048,1242538.5927,8.1239,6.983,"Air Products and Chemicals, Inc.",Basic Materials,52443029504,167.0,0.10913860579231001
AJG,116.4668,972894.7027,20.4775,-0.5911,Arthur J. Gallagher & Co.,Financial Services,52397088768,168.0,0.10904299903725
AZO,1389.1782,258133.5859,18.2966,-3.167,"AutoZone, Inc.",Consumer Cyclical,52354248704,169.0,0.10895384505623
MET,52.4728,5679816.1444,6.0058,-5.9223,"MetLife, Inc.",Financial Services,51992371200,170.0,0.10820074580495001
FTNT,30.5748,7793755.5975,30.8436,-2.8734,"Fortinet, Inc.",Technology,51985297408,171.0,0.10818602461505
EL,169.0458,1860647.8176,9.4409,6.4383,The Est√©e Lauder Companies Inc.,Consumer Defensive,51931979776,172.0,0.10807506588372
F,11.9731,52298230.3756,1.471,11.7769,Ford Motor Company,Consumer Cyclical,51895607296,173.0,0.10799937151988
AIG,55.1283,5641287.9218,3.9313,-4.4708,"American International Group, Inc.",Financial Services,51434442752,174.0,0.10703964711323999
TRV,143.4648,1528743.6828,8.3674,-1.6231,"The Travelers Companies, Inc.",Financial Services,51400523776,175.0,0.1069690587093
WELL,73.9555,2410721.6233,4.1403,4.9448,Welltower Inc.,Real Estate,51312795648,176.0,0.10678648867721999
MMM,134.9802,3704411.5038,-3.4788,14.2433,3M Company,Industrials,51257831424,177.0,0.10667210324158999
CARR,43.8207,5371744.1369,26.0624,-9.3941,Carrier Global Corporation,Industrials,51206856704,178.0,0.10656602031839
ADSK,167.6848,1832130.9159,20.7702,-6.7369,"Autodesk, Inc.",Technology,51127824384,179.0,0.10640154703567999
GM,37.744,14791101.9372,4.5447,5.1106,General Motors Company,Consumer Cyclical,50725650432,180.0,0.10556458729437
TFC,44.3941,6220738.4297,1.3147,12.7125,Truist Financial Corporation,Financial Services,50047123456,181.0,0.10415251234649998
DHI,66.4832,3917027.9897,21.6519,-7.0694,"D.R. Horton, Inc.",Consumer Cyclical,49191870464,182.0,0.10237265485105
GWW,410.2912,488062.4553,17.8253,-8.1576,"W.W. Grainger, Inc.",Industrials,49174962176,183.0,0.10233746720082999
HES,80.4115,3148204.7168,12.1545,0.9411,Hess Corporation,Energy,48677195776,184.0,0.10130157107851
PSA,248.9095,839396.6127,4.9843,2.698,Public Storage,Real Estate,48602013696,185.0,0.10114511048747
STZ,199.6079,1361130.0416,9.2756,2.3186,"Constellation Brands, Inc.",Consumer Defensive,48432676864,186.0,0.10079270548858998
AFL,50.6542,3350028.6502,12.3188,-6.129,Aflac Incorporated,Financial Services,47712829440,187.0,0.09929463901566998
MCHP,53.9445,5083575.7,17.0742,3.8021,Microchip Technology Incorporated,Technology,47602774016,188.0,0.09906560389606
NUE,86.8609,2395305.1565,20.3179,-2.9554,Nucor Corporation,Basic Materials,47559233536,189.0,0.09897499228708
COR,120.1624,1551118.7044,10.035,-3.3041,"Cencora, Inc.",Healthcare,47386406912,190.0,0.09861532472086
WMB,29.8014,8609490.4687,0.5405,2.047,"The Williams Companies, Inc.",Energy,47372169216,191.0,0.09858569480997
ODFL,92.0527,1668560.676,29.3695,-2.1841,"Old Dominion Freight Line, Inc.",Industrials,46792704000,192.0,0.09737977618975001
ROST,92.1234,2547565.7004,13.413,-0.1458,"Ross Stores, Inc.",Consumer Cyclical,46369603584,193.0,0.09649926661680999
OKE,55.6223,3041490.3543,8.9941,11.5567,"ONEOK, Inc.",Energy,46104547328,194.0,0.09594766098857
URI,237.8871,1293651.6624,30.3763,-12.745,"United Rentals, Inc.",Industrials,45818880000,195.0,0.09535316188748
DLR,117.2309,1667698.7901,9.6014,11.7006,"Digital Realty Trust, Inc.",Real Estate,45070258176,196.0,0.09379521333055
NEM,41.5762,8247993.6449,9.0148,10.1459,Newmont Corporation,Basic Materials,45027979264,197.0,0.09370722715672
O,59.1731,3275354.2608,2.6643,15.5758,Realty Income Corporation,Real Estate,44899004416,198.0,0.09343881903411
PAYX,85.4743,1952943.3396,11.2739,-0.5902,"Paychex, Inc.",Industrials,44822593536,199.0,0.09327980120106
ALL,103.6056,1996068.0223,10.4373,-4.2248,The Allstate Corporation,Financial Services,44773093376,200.0,0.09317678696828
KHC,58.9027,6163820.8009,-11.3103,13.596,The Kraft Heinz Company,Consumer Defensive,44759867392,201.0,0.09314926251998
TEL,101.0799,1745256.6383,10.2037,3.3367,TE Connectivity Ltd.,Technology,44757327872,202.0,0.09314397755314
JCI,47.9566,4695065.2173,5.8765,11.6977,Johnson Controls International plc,Industrials,44576722944,203.0,0.09276812264492
SRE,63.4737,2980321.5152,4.0108,6.4111,Sempra,Utilities,44395028480,204.0,0.09239000031543
LULU,228.0184,1988671.9362,29.1249,-2.9383,Lululemon Athletica Inc.,Consumer Cyclical,44134301696,205.0,0.09184740470325001
AEP,77.8828,2918822.7441,4.4577,5.1781,"American Electric Power Company, Inc.",Utilities,43859681280,206.0,0.09127589520794
IQV,151.557,1142042.3828,15.6995,6.5378,IQVIA Holdings Inc.,Healthcare,43575971840,207.0,0.09068547064581
LEN,75.6974,2873523.4774,15.4176,-0.7044,Lennar Corporation,Consumer Cyclical,43060015104,208.0,0.08961171881742
KMB,126.034,1874655.3978,1.3816,4.8435,Kimberly-Clark Corporation,Consumer Defensive,42841985024,209.0,0.08915797884135
FAST,39.5179,4487731.9137,14.7286,-2.1771,Fastenal Company,Industrials,42783195136,210.0,0.08903563185888999
AMP,204.3443,855577.7846,15.9801,-8.9211,"Ameriprise Financial, Inc.",Financial Services,42679361536,211.0,0.08881954490805001
CCI,124.2564,2296976.4596,4.4084,3.7833,Crown Castle Inc.,Real Estate,42452602880,212.0,0.08834763998949
A,91.2822,1986626.6528,16.0003,-3.6731,"Agilent Technologies, Inc.",Healthcare,42246811648,213.0,0.08791937014396
MSCI,301.0975,552415.5443,29.9196,-0.9209,MSCI Inc.,Financial Services,42230140928,214.0,0.08788467689386001
BK,46.7158,5108482.5093,4.1637,-3.4166,The Bank of New York Mellon Corporation,Financial Services,41919856640,215.0,0.08723894771094
IDXX,313.0185,543219.5665,28.3356,-4.2387,"IDEXX Laboratories, Inc.",Healthcare,41888690176,216.0,0.08717408752913
FIS,93.6066,3204927.0203,2.1101,18.9994,"Fidelity National Information Services, Inc.",Technology,41868722176,217.0,0.08713253234628
DOW,54.7048,5054148.5414,0.5722,2.8135,Dow Inc.,Basic Materials,41665150976,218.0,0.08670888258467
AME,98.9632,1207770.3579,14.4853,-0.9938,"AMETEK, Inc.",Industrials,41560358912,219.0,0.08649080098505
KDP,53.0072,4672219.2567,-5.5597,35.7788,Keurig Dr Pepper Inc.,Consumer Defensive,41456881664,220.0,0.08627545563439
CMI,183.9315,1506118.6228,8.9647,18.501,Cummins Inc.,Industrials,41342246912,221.0,0.08603689052618001
MRNA,112.6555,7175431.6221,58.3161,155.1897,"Moderna, Inc.",Healthcare,41021763584,222.0,0.08536993623448
D,70.2273,3787061.4777,-3.7557,11.7791,"Dominion Energy, Inc.",Utilities,40874536960,223.0,0.08506354454371
KR,36.5436,8315618.7992,4.3977,-3.0618,The Kroger Co.,Consumer Defensive,40847540224,224.0,0.08500736193649
KMI,19.7024,15282621.4946,-5.6711,-0.6338,"Kinder Morgan, Inc.",Energy,40547889152,225.0,0.08438376142119
PRU,93.6174,2154021.4616,4.7215,-3.1091,"Prudential Financial, Inc.",Financial Services,40509313024,226.0,0.08430348106999
CTVA,48.2743,4103412.9983,4.9553,-6.8064,"Corteva, Inc.",Basic Materials,39947980800,227.0,0.08313529881788
OTIS,78.0275,2360268.0472,10.1497,-9.1945,Otis Worldwide Corporation,Industrials,39450775552,228.0,0.08210057050274
HSY,148.0172,1222603.0172,9.0597,8.7482,The Hershey Company,Consumer Defensive,39214829568,229.0,0.081609545938
LVS,53.6486,5235550.7702,1.3557,0.8743,Las Vegas Sands Corp.,Consumer Cyclical,39082786816,230.0,0.08133475323447
LHX,164.9002,1091855.4489,12.664,3.5066,"L3Harris Technologies, Inc.",Industrials,39061594112,231.0,0.08129064933374
GEHC,89.5581,2426425.275,-13.0662,146.7971,GE HealthCare Technologies Inc.,Healthcare,38965846016,232.0,0.0810913890354
GIS,60.6313,3943958.143,2.5561,4.9546,"General Mills, Inc.",Consumer Defensive,38869196800,233.0,0.08089025342625
YUM,96.857,2532521.78,10.3068,-7.6462,"Yum! Brands, Inc.",Consumer Cyclical,38832922624,234.0,0.08081476364176
KVUE,23.0731,20875475.4985,-20.7222,-32.3821,Kenvue Inc.,Consumer Defensive,38751096832,235.0,0.08064447689552999
CNC,57.7558,3754421.1414,11.9262,3.7952,Centene Corporation,Healthcare,38646956032,236.0,0.08042775063419
HUM,332.2232,1236295.2252,10.9762,8.0818,Humana Inc.,Healthcare,38475624448,237.0,0.08007119437909
SYY,65.0746,3153640.6188,8.7016,-1.7336,Sysco Corporation,Consumer Defensive,38312996864,238.0,0.07973275192164
CHTR,387.1413,1475797.1727,10.7413,7.3237,"Charter Communications, Inc.",Communication Services,37951860736,239.0,0.07898119553972
GEV,99.8468,11014267.125,,,GE Vernova Inc.,,37648261120,240.0,0.07834937775339999
IR,45.5503,2140861.4886,17.9905,22.7997,Ingersoll Rand Inc.,Industrials,37515513856,241.0,0.07807311889778
MLM,283.5399,590873.4149,16.6404,-6.0856,"Martin Marietta Materials, Inc.",Basic Materials,37498437632,242.0,0.07803758175782
PWR,81.5123,1539068.773,29.9979,-10.3091,"Quanta Services, Inc.",Industrials,37063970816,243.0,0.07713341769618
CSGP,54.4758,2230513.572,19.8492,3.1253,"CoStar Group, Inc.",Real Estate,37022277632,244.0,0.07704665047438
EXC,31.8169,7994315.4298,5.9283,-3.4888,Exelon Corporation,Utilities,36900216832,245.0,0.07679263110021
FANG,104.8803,2057327.5166,16.2314,9.3946,"Diamondback Energy, Inc.",Energy,36801126400,246.0,0.07658641510357
HAL,34.008,10952875.6548,3.4136,-1.6135,Halliburton Company,Energy,36440068096,247.0,0.07583502068031
NDAQ,38.9025,2711062.9891,15.3155,0.7536,"Nasdaq, Inc.",Financial Services,36278571008,248.0,0.07549893088553
IT,203.6694,512918.0199,22.5634,3.0339,"Gartner, Inc.",Technology,36159954944,249.0,0.07525208031316
PCG,30.3343,11789425.8109,-6.3894,28.3997,PG&E Corporation,Utilities,35731140608,250.0,0.07435967956482
VMC,147.6407,1029711.0376,12.683,-2.1962,Vulcan Materials Company,Basic Materials,34993881088,251.0,0.07282537697244999
CTSH,67.9381,3827876.4365,3.1147,4.3446,Cognizant Technology Solutions Corporation,Technology,34834006016,252.0,0.07249266273713
DVN,39.0916,8373505.1775,9.8706,15.2455,Devon Energy Corporation,Energy,34613850112,253.0,0.07203449873237
ACGL,41.8164,1677692.4302,17.1797,5.496,Arch Capital Group Ltd.,Financial Services,34584616960,254.0,0.07197366194467
EA,110.143,3032151.9542,10.5283,-3.6662,Electronic Arts Inc.,Communication Services,34568355840,255.0,0.07193982110858
BKR,34.2304,6258473.1194,-3.8238,13.2262,Baker Hughes Company,Energy,34419101696,256.0,0.07162920996847
DG,141.1129,2556572.5903,9.7717,-2.4802,Dollar General Corporation,Consumer Defensive,33967728640,257.0,0.07068986251868
LYB,90.8643,2557168.1268,2.1167,-6.2053,LyondellBasell Industries N.V.,Basic Materials,33597865984,258.0,0.06992014545632999
RCL,91.6026,3820832.1447,8.6398,64.2273,Royal Caribbean Cruises Ltd.,Consumer Cyclical,33595484160,259.0,0.06991518866888001
PEG,54.1895,2764839.7349,4.7827,0.7344,Public Service Enterprise Group Incorporated,Utilities,33190936576,260.0,0.0690732891884
CDW,122.2349,884274.657,23.0553,-3.9517,CDW Corporation,Technology,33188685824,261.0,0.06906860517343
ADM,54.3788,3580154.1726,5.0519,10.4173,Archer-Daniels-Midland Company,Consumer Defensive,32574251008,262.0,0.06778991170734
MPWR,268.1502,402928.6307,34.0606,8.5644,"Monolithic Power Systems, Inc.",Technology,32432068608,263.0,0.06749401749507
PPG,122.2801,1525496.4143,3.8948,2.4714,"PPG Industries, Inc.",Basic Materials,32416268288,264.0,0.06746113562474
VRSK,148.6564,904403.3466,14.6712,-2.6591,"Verisk Analytics, Inc.",Industrials,32394668032,265.0,0.06741618357207001
ROK,206.3723,896484.3708,12.3641,1.5809,"Rockwell Automation, Inc.",Industrials,32321818624,266.0,0.06726457747879999
GPN,119.4961,1725129.544,12.5898,8.3775,Global Payments Inc.,Industrials,31888175104,267.0,0.06636212676931
DD,73.9879,4926715.0492,2.4728,-5.8995,"DuPont de Nemours, Inc.",Basic Materials,31815651328,268.0,0.06621119834519
EXR,116.3346,1018461.993,10.1969,6.9718,Extra Space Storage Inc.,Real Estate,31177431040,269.0,0.0648830051977
XYL,79.4044,1158940.3104,15.7634,4.0556,Xylem Inc.,Industrials,30992496640,270.0,0.06449814027342
DFS,81.8862,2564763.94,10.7564,2.0743,Discover Financial Services,Financial Services,30892158976,271.0,0.06428932867613
EFX,163.4853,908483.9805,12.3424,8.6027,Equifax Inc.,Industrials,30870161408,272.0,0.06424354978187
ED,80.9612,1970240.9478,4.4441,-0.6796,"Consolidated Edison, Inc.",Utilities,30712385536,273.0,0.06391520416835
XEL,55.1255,3456370.1822,6.4911,8.3917,Xcel Energy Inc.,Utilities,29839632384,274.0,0.062098927284440004
ON,36.4089,6579558.5436,28.8159,4.0028,ON Semiconductor Corporation,Technology,29758240768,275.0,0.061929544097059995
DAL,44.1863,11800681.8922,0.1534,28.4177,"Delta Air Lines, Inc.",Industrials,29747304448,276.0,0.06190678464306
ANSS,221.5822,512063.5356,17.6506,10.0382,"ANSYS, Inc.",Technology,29541672960,277.0,0.061478847239
HIG,58.1289,2319129.7086,9.3523,-4.4055,"The Hartford Financial Services Group, Inc.",Financial Services,29524764672,278.0,0.06144365958878
FICO,413.9883,209981.0101,36.0677,0.1444,Fair Isaac Corporation,Technology,29356046336,279.0,0.06109254173504
VICI,26.5032,5567938.3781,7.8883,15.2145,VICI Properties Inc.,Real Estate,29322665984,280.0,0.06102307425552
BIIB,281.9678,1549480.8164,-3.2969,-5.7997,Biogen Inc.,Healthcare,29297508352,281.0,0.060970718987199995
FTV,63.2038,2289300.5532,7.5433,5.08,Fortive Corporation,Technology,29245358080,282.0,0.060862189635789994
WST,205.2141,426837.1654,25.61,8.1221,"West Pharmaceutical Services, Inc.",Healthcare,28533268480,283.0,0.059380267884159996
RMD,142.5826,796142.795,14.8441,3.0097,ResMed Inc.,Healthcare,28505847808,284.0,0.059323203028450004
HPQ,22.9258,12146513.0984,10.6275,-9.4617,HP Inc.,Technology,28327026688,285.0,0.05895106038323
DLTR,105.4993,2680694.9163,7.9663,1.1353,"Dollar Tree, Inc.",Consumer Defensive,28060952576,286.0,0.05839733650618
GRMN,85.9186,1045203.1768,14.6409,-2.8084,Garmin Ltd.,Technology,27991771136,287.0,0.05825336378035
MTD,859.7449,153551.2308,17.8168,-0.134,Mettler-Toledo International Inc.,Healthcare,27920619520,288.0,0.058105290943150006
CBRE,58.3585,1878503.0892,13.0919,1.4632,"CBRE Group, Inc.",Real Estate,27919216640,289.0,0.058102371425169996
KEYS,96.8768,1157075.4138,21.0889,9.0934,"Keysight Technologies, Inc.",Technology,27414020096,290.0,0.05705101251276
TSCO,137.1722,1352626.8643,13.4695,6.5077,Tractor Supply Company,Consumer Cyclical,27339175936,291.0,0.056895255163280006
GLW,29.8915,6051803.7675,6.2465,-6.6911,Corning Incorporated,Technology,27328497664,292.0,0.05687303273011
EBAY,40.8809,9488428.5953,8.0956,-7.4866,eBay Inc.,Consumer Cyclical,27174279168,293.0,0.05655209033224
WTW,185.3394,734137.2736,8.9464,13.0776,Willis Towers Watson Public Limited Company,Financial Services,26978725888,294.0,0.056145126574819994
HWM,31.1366,3190571.8814,16.7644,58.6183,Howmet Aerospace Inc.,Industrials,26772336640,295.0,0.05571561220484
RJF,69.8994,1218694.8844,15.4421,1.2647,"Raymond James Financial, Inc.",Financial Services,26573729792,296.0,0.055302293700999997
EIX,66.0095,2165361.5608,1.6098,1.087,Edison International,Utilities,26512144384,297.0,0.05517412899293
AVB,185.1364,766230.677,1.321,4.6259,"AvalonBay Communities, Inc.",Real Estate,26460442624,298.0,0.05506653303487
CAH,70.2327,2593920.668,4.1045,2.0777,"Cardinal Health, Inc.",Healthcare,26254569472,299.0,0.05463809270654
ZBH,121.1746,1397779.2566,2.1918,2.7519,"Zimmer Biomet Holdings, Inc.",Healthcare,26241478656,300.0,0.05461084955486
WAB,88.7379,1074901.4524,5.6363,10.168,Westinghouse Air Brake Technologies Corporation,Industrials,26088316928,301.0,0.054292106385130004
TROW,111.292,1437841.8917,6.5672,2.2512,"T. Rowe Price Group, Inc.",Financial Services,26072418304,302.0,0.054259019935439995
TTWO,111.3085,1824862.2477,24.8722,4.2985,"Take-Two Interactive Software, Inc.",Communication Services,25973880832,303.0,0.05405395469771
TRGP,55.7248,2080917.7524,10.9524,21.805,Targa Resources Corp.,Energy,25520314368,304.0,0.053110042570909996
WEC,77.2505,1697037.9168,6.1123,3.4475,"WEC Energy Group, Inc.",Utilities,25177249792,305.0,0.05239609469498
CHD,70.7293,1595234.2198,10.2201,-0.6882,"Church & Dwight Co., Inc.",Consumer Defensive,25019774976,306.0,0.05206837560575
ALGN,264.9622,905027.972,29.7733,3.4368,"Align Technology, Inc.",Healthcare,24620625920,307.0,0.05123771094188
WY,31.794,4156319.9223,1.7475,1.682,Weyerhaeuser Company,Real Estate,24515131392,308.0,0.051018167452240006
NVR,3761.4134,25380.2234,20.5936,-3.538,"NVR, Inc.",Consumer Cyclical,24491159552,309.0,0.05096827992247
AXON,102.8985,853849.7604,35.8412,-9.6993,"Axon Enterprise, Inc.",Industrials,24016949248,310.0,0.04998140612970001
BR,121.9443,642131.4584,16.8718,3.067,"Broadridge Financial Solutions, Inc.",Technology,23974846464,311.0,0.04989378649389
EQR,69.1302,1964135.1953,-1.5161,7.1949,Equity Residential,Real Estate,23896719360,312.0,0.04973119704615
DOV,104.9867,1240618.1193,13.2025,-5.8355,Dover Corporation,Industrials,23880071168,313.0,0.04969655067882
BF-B,55.577,1274333.9072,4.9748,2.8096,Brown-Forman Corporation,Consumer Defensive,23857049600,314.0,0.04964864074954
BRO,41.9277,1300473.1411,19.3615,0.9666,"Brown & Brown, Inc.",Financial Services,23854505984,315.0,0.04964334725856
FITB,28.4986,6314295.4957,9.6159,-2.8206,Fifth Third Bancorp,Financial Services,23780706304,316.0,0.0494897635648
WDC,59.9461,4849155.2221,0.7679,17.2784,Western Digital Corporation,Technology,23587891200,317.0,0.04908849819502
LYV,60.7764,1830791.3746,17.9434,18.7282,"Live Nation Entertainment, Inc.",Communication Services,23407532032,318.0,0.0487131547352
HPE,17.6218,13833655.5232,-2.7168,-2.2663,Hewlett Packard Enterprise Company,Technology,23396939776,319.0,0.048691111308970005
PHM,43.2058,3864578.0055,21.969,-11.1271,"PulteGroup, Inc.",Consumer Cyclical,23082088448,320.0,0.04803587770987
AWK,112.0023,1025401.9513,10.9134,9.204,"American Water Works Company, Inc.",Utilities,23049390080,321.0,0.04796782949967
STLD,54.8598,2371788.5173,27.1267,-9.7344,"Steel Dynamics, Inc.",Basic Materials,22877120512,322.0,0.0476093212165
BLDR,49.9146,1591041.7374,39.5538,6.3631,"Builders FirstSource, Inc.",Industrials,22819852288,323.0,0.04749014095207
MTB,144.4214,995243.5897,3.1062,4.67,M&T Bank Corporation,Financial Services,22470506496,324.0,0.046763121307350004
STT,75.7693,2447861.9099,1.8104,-0.2513,State Street Corporation,Financial Services,22442784768,325.0,0.04670542992733
ETR,93.3535,1371990.4948,3.9235,0.574,Entergy Corporation,Utilities,22296688640,326.0,0.046401390899220005
IRM,41.8455,1927266.1902,9.9347,2.4631,Iron Mountain Incorporated,Real Estate,22122371072,327.0,0.04603862054601
SBAC,211.8275,875253.4407,9.6396,2.1016,SBA Communications Corporation,Real Estate,22095316992,328.0,0.04598231860083
MOH,184.6139,707145.1515,23.9179,-4.0094,"Molina Healthcare, Inc.",Healthcare,22094880768,329.0,0.04598141077991
DTE,98.4846,1259810.3194,5.616,1.541,DTE Energy Company,Utilities,22066481152,330.0,0.04592230865472
IFF,118.6985,1275242.4868,-2.8549,26.7546,International Flavors & Fragrances Inc.,Basic Materials,22008498176,331.0,0.045801640927849996
ROL,27.4381,1553318.9977,16.8248,13.6282,"Rollins, Inc.",Consumer Cyclical,21876756480,332.0,0.04552747474863
HUBB,172.7412,351403.1322,15.1901,8.2929,Hubbell Incorporated,Industrials,21844068352,333.0,0.04545944784878
CPAY,217.1671,693162.6404,8.1888,-0.0176,"Corpay, Inc.",Technology,21828405248,334.0,0.045426851537139996
FE,36.7846,4189295.8654,1.4566,3.6321,FirstEnergy Corp.,Utilities,21777526784,335.0,0.04532096893123
VLTO,73.8826,2309876.017,22.705,-51.8505,Veralto Corporation,Industrials,21775607808,336.0,0.045316975371599996
ULTA,311.4374,927404.9672,15.8695,0.8713,"Ulta Beauty, Inc.",Consumer Cyclical,21766770688,337.0,0.0452985845394
PTC,93.3382,917437.7391,21.9057,0.2895,PTC Inc.,Technology,21748899840,338.0,0.04526139371626
WRB,45.2871,1154246.577,14.9821,1.065,W. R. Berkley Corporation,Financial Services,21532157952,339.0,0.044810334582250005
ARE,133.6766,787936.5887,4.2595,12.567,"Alexandria Real Estate Equities, Inc.",Real Estate,21476126720,340.0,0.04469372860812
BAX,60.2238,4062812.1976,2.9408,-1.9961,Baxter International Inc.,Healthcare,21392574464,341.0,0.04451984893685
INVH,29.7592,3334269.5599,7.2289,11.099,Invitation Homes Inc.,Real Estate,21338976256,342.0,0.04440830630193
NTAP,59.9857,2561071.659,16.2866,-5.755,"NetApp, Inc.",Technology,21174278144,343.0,0.04406555489168
CTRA,23.5906,7204592.5259,0.7647,2.359,Coterra Energy Inc.,Energy,21171351552,344.0,0.0440594643936
BALL,56.4696,2296815.4574,8.4018,0.0271,Ball Corporation,Consumer Cyclical,21020530688,345.0,0.04374559276991
ILMN,244.5809,1289990.7285,0.4032,4.1053,"Illumina, Inc.",Healthcare,20889479168,346.0,0.04347286290829
DECK,259.4242,558649.3752,35.8202,-6.5039,Deckers Outdoor Corporation,Consumer Cyclical,20794578944,347.0,0.04327536710695
TSN,64.9422,2925783.1411,5.0071,-1.4505,"Tyson Foods, Inc.",Consumer Defensive,20767211520,348.0,0.04321841306505
ES,68.7155,1855500.2635,2.5137,9.8086,Eversource Energy,Utilities,20717445120,349.0,0.04311484476317
GPC,113.1798,840827.7935,5.9441,3.8526,Genuine Parts Company,Consumer Cyclical,20673642496,350.0,0.043023687609230005
STE,145.8357,530125.7969,14.8103,-4.1507,STERIS plc,Healthcare,20672878592,351.0,0.04302209785711
APTV,89.4211,2139547.6388,6.0443,4.1558,Aptiv PLC,Consumer Cyclical,20437291008,352.0,0.04253181915462
WBD,23.7252,10359904.1188,-8.6051,30.9138,"Warner Bros. Discovery, Inc.",Communication Services,20298219520,353.0,0.04224239902673
MKC,68.252,1627358.4276,7.1893,6.4512,"McCormick & Company, Incorporated",Consumer Defensive,20073046016,354.0,0.04177379295038
WAT,231.9173,479924.3742,12.4838,0.0778,Waters Corporation,Healthcare,19960156160,355.0,0.041538859125839996
PPL,30.4909,5027875.2506,-1.6668,4.0789,PPL Corporation,Utilities,19859476480,356.0,0.04132933576285
FSLR,84.2232,2193391.439,17.2106,1.6412,"First Solar, Inc.",Technology,19833069568,357.0,0.04127438063181
HBAN,12.7555,12541747.1808,3.6908,9.6666,Huntington Bancshares Incorporated,Financial Services,19769901056,358.0,0.04114292134361
CCL,36.1314,21867875.8553,-6.7215,111.6536,Carnival Corporation & plc,Consumer Cyclical,19584499712,359.0,0.04075708466736
K,61.8199,2556725.2002,-0.8799,6.1966,Kellanova,Consumer Defensive,19483680768,360.0,0.04054727148361
JBHT,132.8901,849963.3301,11.4155,-1.1014,"J.B. Hunt Transport Services, Inc.",Industrials,19439650816,361.0,0.0404556412399
AEE,68.3761,1552018.5975,6.7291,2.0708,Ameren Corporation,Utilities,19263416320,362.0,0.04008888158914
COO,71.9581,1440804.6877,10.5385,-5.219,"The Cooper Companies, Inc.",Healthcare,19179954176,363.0,0.03991518944895
PFG,60.8496,1443148.8064,7.0278,1.9356,"Principal Financial Group, Inc.",Financial Services,19110639616,364.0,0.03977093968857
TDY,281.2617,218314.1037,18.9617,1.3832,Teledyne Technologies Incorporated,Technology,19070025728,365.0,0.03968641857768
HRL,39.5151,2455910.5928,1.9536,8.9248,Hormel Foods Corporation,Consumer Defensive,19043112960,366.0,0.03963041071533
CBOE,108.4329,783389.1953,14.1264,7.4486,"Cboe Global Markets, Inc.",Financial Services,19004760064,367.0,0.03955059492976
VRSN,159.1128,739523.621,13.975,-4.0164,"VeriSign, Inc.",Technology,19000479744,368.0,0.03954168720338
CINF,89.1637,699873.917,9.6199,8.2042,Cincinnati Financial Corporation,Financial Services,18934296576,369.0,0.03940395414809
DRI,109.9708,1577206.4387,13.9986,1.3339,"Darden Restaurants, Inc.",Consumer Cyclical,18608066560,370.0,0.03872504048786
STX,58.9148,3541292.8311,9.9822,-2.713,Seagate Technology Holdings plc,Technology,18434873344,371.0,0.0383646100111
TXT,56.7335,1515974.2344,11.1233,-4.1675,Textron Inc.,Industrials,18399893504,372.0,0.03829181385488
HOLX,55.1599,2188675.7605,8.9815,-1.1477,"Hologic, Inc.",Healthcare,18217549824,373.0,0.0379123404492
J,90.3284,882566.4036,14.8002,-4.5097,Jacobs Solutions Inc.,Industrials,18136465408,374.0,0.03774359657232
OMC,76.6438,1838678.2394,2.7964,2.9713,Omnicom Group Inc.,Communication Services,18095073280,375.0,0.03765745587482
RF,16.0119,12114734.1092,10.7585,-5.5787,Regions Financial Corporation,Financial Services,18089619456,376.0,0.03764610598231
CLX,148.2952,1195311.4311,3.824,7.6673,The Clorox Company,Consumer Defensive,17917181952,377.0,0.03728724820939
EXPE,123.5016,2456300.7386,6.9703,5.8137,"Expedia Group, Inc.",Consumer Cyclical,17908242432,378.0,0.03726864427368
IEX,158.603,396727.4664,13.2839,1.6728,IDEX Corporation,Industrials,17892122624,379.0,0.03723509752043
CE,108.9672,953651.2911,12.0417,-1.364,Celanese Corporation,Basic Materials,17857890304,380.0,0.03716385701977
DPZ,291.8421,695270.0314,18.2913,3.9593,"Domino's Pizza, Inc.",Consumer Cyclical,17652279296,381.0,0.03673596223641
TYL,288.3412,242574.7743,15.1221,4.3314,"Tyler Technologies, Inc.",Technology,17478379520,382.0,0.036374061345480005
LH,163.8756,903290.7401,9.9884,-4.7205,Laboratory Corporation of America Holdings,Healthcare,17428363264,383.0,0.036269973071049996
NTRS,88.884,1197740.052,2.8203,4.5292,Northern Trust Corporation,Financial Services,17425264640,384.0,0.036263524559089995
CMS,53.0216,2191028.6604,6.3314,0.9913,CMS Energy Corporation,Utilities,17361649664,385.0,0.03613113613962
ATO,94.1508,755801.3149,8.8419,7.1539,Atmos Energy Corporation,Utilities,17358667776,386.0,0.03612493056565
AVY,132.2613,606368.6345,16.5087,-5.7074,Avery Dennison Corporation,Consumer Cyclical,17353756672,387.0,0.0361147101217
CNP,25.76,4558403.3596,5.2405,4.5205,"CenterPoint Energy, Inc.",Utilities,17327865856,388.0,0.0360608290323
BBY,70.3827,3530965.1661,11.5679,-3.6873,"Best Buy Co., Inc.",Consumer Cyclical,17206788096,389.0,0.03580885545176
VTR,56.1477,2388353.8987,-3.3981,4.2858,"Ventas, Inc.",Real Estate,17064389632,390.0,0.0355125115911
LDOS,79.1508,955484.2736,11.7963,30.4447,"Leidos Holdings, Inc.",Technology,17042981888,391.0,0.03546796017301
SYF,33.6952,5951488.327,4.9962,3.5138,Synchrony Financial,Financial Services,16859615232,392.0,0.03508635786334
PKG,115.0709,805420.2021,11.6383,-3.904,Packaging Corporation of America,Consumer Cyclical,16857747456,393.0,0.03508247085547
EXPD,83.1737,1258573.921,12.0963,-0.584,"Expeditors International of Washington, Inc.",Industrials,16787597312,394.0,0.03493648217051
MRO,17.7115,16050467.475,11.2354,16.9679,Marathon Oil Corporation,Energy,16745366528,395.0,0.034848596155329994
LUV,44.3131,7243569.0546,-1.2291,16.249,Southwest Airlines Co.,Industrials,16727208960,396.0,0.03481080864239
EQT,29.5644,5844757.8879,4.8427,13.8844,EQT Corporation,Energy,16619588608,397.0,0.03458684112405
L,51.1433,1010257.8242,8.1107,-3.6717,Loews Corporation,Financial Services,16615427072,398.0,0.034578180597730004
SWKS,105.4684,2362150.4579,5.674,-3.965,"Skyworks Solutions, Inc.",Technology,16488931328,399.0,0.03431493171091
TER,67.4137,2047909.7934,23.8716,-0.336,"Teradyne, Inc.",Technology,16473061376,400.0,0.034281904930189996
JBL,50.7421,1603082.8049,24.3531,-2.7116,Jabil Inc.,Technology,16444607488,401.0,0.03422268986015
FDS,292.2001,286975.4268,12.8964,-1.8596,FactSet Research Systems Inc.,Financial Services,16339100672,402.0,0.034003120798079996
MAS,45.7141,2884069.7389,13.0612,-5.9267,Masco Corporation,Industrials,16260411392,403.0,0.03383936141211
ENPH,77.7042,2874611.1028,92.0043,31.4429,"Enphase Energy, Inc.",Technology,16236777472,404.0,0.0337901771239
ESS,252.1759,399377.9752,1.756,5.4033,"Essex Property Trust, Inc.",Real Estate,16217513984,405.0,0.03375008809313
EG,257.7731,320520.2942,9.1054,4.8695,"Everest Group, Ltd.",Financial Services,16122338304,406.0,0.033552019043370004
AKAM,84.7999,1777642.1404,7.242,1.3493,"Akamai Technologies, Inc.",Technology,15992164352,407.0,0.033281115478760004
MAA,123.8829,680756.4885,7.1463,9.6006,"Mid-America Apartment Communities, Inc.",Real Estate,15936848896,408.0,0.03316599909811
NRG,32.9367,4210822.241,15.8612,-3.0772,"NRG Energy, Inc.",Utilities,15714234368,409.0,0.03270271847827
NDSN,166.201,254720.4064,15.5021,-0.5597,Nordson Corporation,Industrials,15543123968,410.0,0.03234662252673
WBA,56.2966,7088320.9711,-12.7588,15.9495,"Walgreens Boots Alliance, Inc.",Healthcare,15540016128,411.0,0.032340154835450004
CFG,33.9654,5312964.1941,6.0974,4.7152,"Citizens Financial Group, Inc.",Financial Services,15498471424,412.0,0.03225369661373
SNA,191.3235,446690.1942,8.0253,0.0655,Snap-on Incorporated,Industrials,15433038848,413.0,0.03211752560711
EPAM,220.7778,437115.4946,23.3718,7.0892,"EPAM Systems, Inc.",Technology,15427799040,414.0,0.032106621100919996
ZBRA,226.2273,440784.1179,19.8889,2.4051,Zebra Technologies Corporation,Technology,15414624256,415.0,0.03207920320438
CF,54.0362,3141174.3854,10.708,2.4436,"CF Industries Holdings, Inc.",Basic Materials,15185156096,416.0,0.031601659567160004
BG,76.4829,1346422.3357,4.9236,7.375,Bunge Global SA,Consumer Defensive,15175624704,417.0,0.03158182389321
TRMB,45.753,1323296.5522,13.5351,-0.1459,Trimble Inc.,Technology,15114664960,418.0,0.03145496124754
ALB,125.6591,1693563.8098,18.3991,13.7424,Albemarle Corporation,Basic Materials,15002065920,419.0,0.031220632636949998
POOL,243.6268,304475.6114,22.9373,7.9663,Pool Corporation,Industrials,14676484096,420.0,0.030543067921890002
CAG,33.164,4278714.3276,0.2119,4.7225,"Conagra Brands, Inc.",Consumer Defensive,14628727808,421.0,0.030443682841750003
DGX,110.1814,1134468.4895,7.7726,-1.3527,Quest Diagnostics Incorporated,Healthcare,14617190400,422.0,0.0304196724702
HST,17.6206,7934539.6912,1.5097,-0.0517,"Host Hotels & Resorts, Inc.",Real Estate,14372547584,423.0,0.02991054902504
TAP,65.8673,1857135.1478,-0.6078,0.8381,Molson Coors Beverage Company,Consumer Defensive,14312987648,424.0,0.029786599504250003
SWK,127.7978,1321863.4595,1.4908,4.9399,"Stanley Black & Decker, Inc.",Industrials,14289930240,425.0,0.029738614988739996
NWS,17.0496,788547.7633,9.0922,-1.0007,News Corporation,Communication Services,14275986432,426.0,0.0297095966849
NWSA,16.8333,2820126.0104,8.9615,0.9341,News Corporation,Communication Services,14261582848,427.0,0.02967962154633
GEN,23.0696,6132627.9657,1.1528,4.322,Gen Digital Inc.,Technology,14228570112,428.0,0.029610919108380002
MGM,31.7218,7980261.2371,11.5774,7.1739,MGM Resorts International,Consumer Cyclical,14164275200,429.0,0.02947711568166
FOX,31.4991,1368616.8436,-3.3722,-3.3314,Fox Corporation,Communication Services,14085847040,430.0,0.029313899709620003
FOXA,33.7827,3920719.7137,-3.4338,-5.6735,Fox Corporation,Communication Services,14056593408,431.0,0.029253020301219998
VTRS,26.6226,7812405.0802,-14.9981,5.2354,Viatris Inc.,Healthcare,13906445312,432.0,0.02894054876755
UAL,56.9197,9615177.9521,-0.912,107.3717,"United Airlines Holdings, Inc.",Industrials,13898460160,433.0,0.02892393095648
BEN,32.5448,3196892.6595,-3.745,6.5755,"Franklin Resources, Inc.",Financial Services,13848475648,434.0,0.028819908744130002
KEY,16.3803,12202826.0428,3.615,9.0053,KeyCorp,Financial Services,13763684352,435.0,0.028643450520490003
PNR,49.9599,1559298.776,8.9335,-1.3877,Pentair plc,Industrials,13688018944,436.0,0.02848598408093
LKQ,38.6926,1969846.9319,7.9281,0.8022,LKQ Corporation,Consumer Cyclical,13468986368,437.0,0.02803015782158
RVTY,97.2258,767554.9265,10.6516,1.3156,"Revvity, Inc.",Healthcare,13328348160,438.0,0.02773747721012
DOC,28.6606,4222999.2237,-6.0741,10.9094,"Healthpeak Properties, Inc.",Real Estate,13254898688,439.0,0.02758462233033
UDR,40.2654,1959227.8926,1.9768,8.2146,"UDR, Inc.",Real Estate,13238447104,440.0,0.02755038512173
IP,43.3309,3279083.8157,-0.8059,6.2074,International Paper Company,Consumer Cyclical,13235914752,441.0,0.02754511507213
AMCR,10.7191,4366152.4226,-0.5449,4639.8301,Amcor plc,Consumer Cyclical,13167047680,442.0,0.02740179657406
CPB,47.6464,2467614.8397,-0.1574,10.465,Campbell Soup Company,Consumer Defensive,13021139968,443.0,0.027098149656390003
CRL,172.1253,445451.8606,17.8259,3.6063,"Charles River Laboratories International, Inc.",Healthcare,12748407808,444.0,0.02653056978965
WRK,44.632,2118692.9718,1.5156,4.9624,WestRock Company,Consumer Cyclical,12617079808,445.0,0.026257264548570004
AOS,56.4823,1245341.149,11.8256,-1.0829,A. O. Smith Corporation,Industrials,12578298880,446.0,0.02617655799037
AES,16.8297,6089843.0689,5.6419,5.5305,The AES Corporation,Utilities,12567086080,447.0,0.026153223156919998
KMX,78.5836,1877050.6751,3.9501,4.066,"CarMax, Inc.",Consumer Cyclical,12523134976,448.0,0.0260617570029
LNT,46.6573,1482309.4289,5.8433,6.9139,Alliant Energy Corporation,Utilities,12480481280,449.0,0.025972990870259997
JKHY,136.358,470985.5305,11.3043,3.8182,"Jack Henry & Associates, Inc.",Technology,12421027840,450.0,0.025849262977099996
PODD,149.607,638126.0449,26.2039,7.2359,Insulet Corporation,Healthcare,12405518336,451.0,0.02581698632072
INCY,83.0768,1598354.8953,-3.2935,3.9257,Incyte Corporation,Healthcare,12348930048,452.0,0.02569922106354
NI,24.984,3686827.9643,5.225,1.408,NiSource Inc.,Utilities,12235532288,453.0,0.02546323024563
KIM,20.4677,4439662.8084,0.0886,9.4992,Kimco Realty Corporation,Real Estate,12114169856,454.0,0.025210664237349998
SJM,123.5347,1018603.9787,1.6408,5.4837,The J. M. Smucker Company,Consumer Defensive,12055223296,455.0,0.02508799120653
JNPR,27.7444,4362753.0572,3.9213,0.9584,"Juniper Networks, Inc.",Technology,11992366080,456.0,0.024957179752979997
EVRG,55.2982,1595135.2728,3.9374,18.2816,"Evergy, Inc.",Utilities,11872446464,457.0,0.024707616373029997
EMN,85.2641,1149967.1654,4.0296,-1.5555,Eastman Chemical Company,Basic Materials,11836741632,458.0,0.02463331144402
WYNN,106.8679,2936162.2824,2.5908,4.4507,"Wynn Resorts, Limited",Consumer Cyclical,11681863680,459.0,0.024310996659590002
IPG,26.0709,4106098.4576,6.7547,2.9565,"The Interpublic Group of Companies, Inc.",Communication Services,11619282944,460.0,0.02418076058549
DVA,83.8426,1235418.2245,6.8768,-0.2872,DaVita Inc.,Healthcare,11531082752,461.0,0.023997208146279998
LW,108.9107,1656310.0969,-0.1045,2.9132,"Lamb Weston Holdings, Inc.",Consumer Defensive,11529547776,462.0,0.023994013724779998
PAYC,198.2065,649455.822,27.8783,8.3371,"Paycom Software, Inc.",Technology,11498522624,463.0,0.0239294476258
UHS,128.9738,719657.7235,3.7186,-2.7457,"Universal Health Services, Inc.",Healthcare,11462300672,464.0,0.02385406652411
ALLE,96.7273,721203.36,9.0121,1.553,Allegion plc,Industrials,11305900032,465.0,0.023528582890609998
FFIV,151.7878,708142.4014,6.6548,-8.3587,"F5, Inc.",Technology,11239628800,466.0,0.023390666566299997
SOLV,234.0339,5941454.25,,,Solventum Corporation,Healthcare,11034377216,467.0,0.022963519776230002
QRVO,94.6883,1496401.8721,9.8011,-4.6666,"Qorvo, Inc.",Technology,10946668544,468.0,0.02278099023382
TECH,57.486,871386.9856,15.9588,4.2206,Bio-Techne Corporation,Healthcare,10926415872,469.0,0.02273884262323
HII,201.9235,346084.7631,10.2054,2.869,"Huntington Ingalls Industries, Inc.",Industrials,10898278400,470.0,0.022680286043
REG,63.0781,1002230.5903,0.9957,12.7533,Regency Centers Corporation,Real Estate,10846155776,471.0,0.022571814229539997
CPT,100.879,741141.5998,4.0474,9.7651,Camden Property Trust,Real Estate,10762315776,472.0,0.02239733573743
RL,112.725,1112062.2685,5.0822,1.3863,Ralph Lauren Corporation,Consumer Cyclical,10641694720,473.0,0.0221463125985
APA,37.2316,6448213.5944,0.2073,16.0925,APA Corporation,Energy,10569432064,474.0,0.0219959275883
MOS,32.2996,4940284.6162,4.6961,4.7814,The Mosaic Company,Basic Materials,10512796672,475.0,0.02187806430352
CTLT,56.0137,1413097.9847,12.3227,23.1288,"Catalent, Inc.",Healthcare,10305680384,476.0,0.021447036898679998
TFX,255.5685,298013.0705,9.2291,1.857,Teleflex Incorporated,Healthcare,10279366656,477.0,0.02139227569181
BBWI,42.3029,4793913.4358,7.6859,10.161,"Bath & Body Works, Inc.",Consumer Cyclical,10203576320,478.0,0.02123454926598
GL,88.8194,566301.7458,9.1788,4.8621,Globe Life Inc.,Financial Services,9867291648,479.0,0.02053471097291
DAY,67.0759,1200416.3216,10.9769,15.9076,Dayforce Inc,Technology,9682179072,480.0,0.02014947524854
BXP,107.295,1037227.4511,-5.7356,12.313,"Boston Properties, Inc.",Real Estate,9629485056,481.0,0.020039814317539997
TPR,36.5149,3986827.8358,7.9643,0.5751,"Tapestry, Inc.",Consumer Cyclical,9504926720,482.0,0.01978059734897
BIO,345.7057,182266.0794,13.8524,7.1035,"Bio-Rad Laboratories, Inc.",Healthcare,9358391296,483.0,0.01947564410683
HSIC,67.5154,1309502.0105,3.6098,0.9906,"Henry Schein, Inc.",Healthcare,9234441216,484.0,0.01921769297306
AIZ,119.5927,481630.9158,11.2851,-2.3572,"Assurant, Inc.",Financial Services,9225504768,485.0,0.01919909543046
CZR,41.6569,2168609.7156,31.667,68.5936,"Caesars Entertainment, Inc.",Consumer Cyclical,8976449536,486.0,0.01868078935541
MTCH,56.2476,3038597.0559,19.2359,15.7903,"Match Group, Inc.",Communication Services,8970361856,487.0,0.01866812035223
AAL,28.6251,24437681.5354,-9.1246,87.5336,American Airlines Group Inc.,Industrials,8780291072,488.0,0.0182725661563
MKTX,266.9026,299986.6818,16.2706,9.343,MarketAxess Holdings Inc.,Financial Services,8413824512,489.0,0.01750991667159
CHRW,84.2357,1427055.5171,2.2576,1.6868,"C.H. Robinson Worldwide, Inc.",Industrials,8332421120,490.0,0.0173405089773
FRT,119.065,532657.535,-2.3246,10.6827,Federal Realty Investment Trust,Real Estate,8328727040,491.0,0.01733282126847
GNRC,120.5238,820039.5648,27.3472,7.287,Generac Holdings Inc.,Industrials,8249058816,492.0,0.01716702461302
PNW,77.4441,941901.9177,1.8722,7.6258,Pinnacle West Capital Corporation,Utilities,8198815232,493.0,0.01706246324882
BWA,37.1613,2462653.1227,-1.3418,8.1749,BorgWarner Inc.,Consumer Cyclical,8044197888,494.0,0.01674069081281
ETSY,72.8935,2845399.7073,32.108,14.4029,"Etsy, Inc.",Consumer Cyclical,8020723712,495.0,0.01669183896605
HAS,80.994,1332594.6762,-1.9946,6.6148,"Hasbro, Inc.",Consumer Cyclical,7903605248,496.0,0.0164481050324
NCLH,35.7904,10835996.5393,-8.1687,171.8103,Norwegian Cruise Line Holdings Ltd.,Consumer Cyclical,7832088576,497.0,0.016299272481219998
FMC,78.4813,1271950.5756,6.838,7.1743,FMC Corporation,Basic Materials,7766113792,498.0,0.01616197309155
RHI,66.1483,1073556.0474,7.3827,3.0301,Robert Half Inc.,Industrials,7677101056,499.0,0.01597672967604
MHK,158.2139,704362.6202,-1.0855,6.8509,"Mohawk Industries, Inc.",Consumer Cyclical,7642497024,500.0,0.01590471560968
PARA,39.9605,9821298.9254,-9.739,29.7347,Paramount Global,Communication Services,7343867904,501.0,0.01528324186733
IVZ,23.5312,4452106.0629,-3.6679,9.4728,Invesco Ltd.,Financial Services,7128867328,502.0,0.01483580655837
CMA,62.8418,1982524.7994,7.3934,6.7294,Comerica Incorporated,Financial Services,6808660992,503.0,0.01416942871164
